-- Seed: 12 rows per table (assignment requires 10+).

INSERT INTO public.customers (id, email, full_name, phone, created_at) VALUES
  ('a0000001-0000-4000-8000-000000000001', 'ava.chen@example.com', 'Ava Chen', '+1-415-555-0101', '2025-01-05 10:00:00+00'),
  ('a0000001-0000-4000-8000-000000000002', 'ben.ortiz@example.com', 'Ben Ortiz', '+1-212-555-0102', '2025-01-06 11:15:00+00'),
  ('a0000001-0000-4000-8000-000000000003', 'cara.singh@example.com', 'Cara Singh', '+44-20-7946-0103', '2025-01-07 09:30:00+00'),
  ('a0000001-0000-4000-8000-000000000004', 'dan.kim@example.com', 'Dan Kim', '+82-2-555-0104', '2025-01-08 14:00:00+00'),
  ('a0000001-0000-4000-8000-000000000005', 'elena.rossi@example.com', 'Elena Rossi', '+39-06-555-0105', '2025-01-09 08:45:00+00'),
  ('a0000001-0000-4000-8000-000000000006', 'frank.nguyen@example.com', 'Frank Nguyen', '+1-604-555-0106', '2025-01-10 16:20:00+00'),
  ('a0000001-0000-4000-8000-000000000007', 'gina.patel@example.com', 'Gina Patel', '+91-22-5550-0107', '2025-01-11 12:00:00+00'),
  ('a0000001-0000-4000-8000-000000000008', 'hugo.meyer@example.com', 'Hugo Meyer', '+49-30-555-0108', '2025-01-12 07:55:00+00'),
  ('a0000001-0000-4000-8000-000000000009', 'ivy.johnson@example.com', 'Ivy Johnson', '+1-312-555-0109', '2025-01-13 13:10:00+00'),
  ('a0000001-0000-4000-8000-00000000000a', 'jake.walsh@example.com', 'Jake Walsh', '+353-1-555-0110', '2025-01-14 10:40:00+00'),
  ('a0000001-0000-4000-8000-00000000000b', 'kira.nakamura@example.com', 'Kira Nakamura', '+81-3-5550-0111', '2025-01-15 15:25:00+00'),
  ('a0000001-0000-4000-8000-00000000000c', 'liam.obrien@example.com', 'Liam O''Brien', '+353-21-555-0112', '2025-01-16 09:05:00+00');

INSERT INTO public.orders (id, customer_id, order_number, status, total_cents, currency, created_at) VALUES
  ('b0000001-0000-4000-8000-000000000001', 'a0000001-0000-4000-8000-000000000001', 'ORD-2025-0001', 'delivered', 12999, 'USD', '2025-02-01 12:00:00+00'),
  ('b0000001-0000-4000-8000-000000000002', 'a0000001-0000-4000-8000-000000000002', 'ORD-2025-0002', 'shipped', 4590, 'USD', '2025-02-02 13:10:00+00'),
  ('b0000001-0000-4000-8000-000000000003', 'a0000001-0000-4000-8000-000000000003', 'ORD-2025-0003', 'processing', 89900, 'GBP', '2025-02-03 09:00:00+00'),
  ('b0000001-0000-4000-8000-000000000004', 'a0000001-0000-4000-8000-000000000004', 'ORD-2025-0004', 'pending', 250000, 'KRW', '2025-02-04 11:30:00+00'),
  ('b0000001-0000-4000-8000-000000000005', 'a0000001-0000-4000-8000-000000000005', 'ORD-2025-0005', 'cancelled', 3200, 'EUR', '2025-02-05 08:15:00+00'),
  ('b0000001-0000-4000-8000-000000000006', 'a0000001-0000-4000-8000-000000000006', 'ORD-2025-0006', 'delivered', 18950, 'CAD', '2025-02-06 17:00:00+00'),
  ('b0000001-0000-4000-8000-000000000007', 'a0000001-0000-4000-8000-000000000007', 'ORD-2025-0007', 'shipped', 675000, 'INR', '2025-02-07 14:45:00+00'),
  ('b0000001-0000-4000-8000-000000000008', 'a0000001-0000-4000-8000-000000000008', 'ORD-2025-0008', 'delivered', 9900, 'EUR', '2025-02-08 06:20:00+00'),
  ('b0000001-0000-4000-8000-000000000009', 'a0000001-0000-4000-8000-000000000009', 'ORD-2025-0009', 'processing', 4500, 'USD', '2025-02-09 10:50:00+00'),
  ('b0000001-0000-4000-8000-00000000000a', 'a0000001-0000-4000-8000-00000000000a', 'ORD-2025-0010', 'pending', 12900, 'EUR', '2025-02-10 12:35:00+00'),
  ('b0000001-0000-4000-8000-00000000000b', 'a0000001-0000-4000-8000-00000000000b', 'ORD-2025-0011', 'shipped', 78000, 'JPY', '2025-02-11 19:05:00+00'),
  ('b0000001-0000-4000-8000-00000000000c', 'a0000001-0000-4000-8000-00000000000c', 'ORD-2025-0012', 'delivered', 5600, 'EUR', '2025-02-12 07:40:00+00');

INSERT INTO public.support_tickets (id, customer_id, order_id, subject, body, status, priority, created_at, updated_at) VALUES
  ('d0000001-0000-4000-8000-000000000001', 'a0000001-0000-4000-8000-000000000001', 'b0000001-0000-4000-8000-000000000001', 'Wrong item received', 'SKU does not match invoice.', 'resolved', 'high', '2025-02-10 10:00:00+00', '2025-02-11 09:00:00+00'),
  ('d0000001-0000-4000-8000-000000000002', 'a0000001-0000-4000-8000-000000000002', 'b0000001-0000-4000-8000-000000000002', 'Tracking not updating', 'Carrier shows label created only.', 'in_progress', 'normal', '2025-02-11 11:20:00+00', '2025-02-12 08:00:00+00'),
  ('d0000001-0000-4000-8000-000000000003', 'a0000001-0000-4000-8000-000000000003', 'b0000001-0000-4000-8000-000000000003', 'VAT invoice request', 'Need PDF for accounting.', 'open', 'low', '2025-02-12 15:00:00+00', '2025-02-12 15:00:00+00'),
  ('d0000001-0000-4000-8000-000000000004', 'a0000001-0000-4000-8000-000000000004', 'b0000001-0000-4000-8000-000000000004', 'Change shipping address', 'Move to office before ship.', 'open', 'urgent', '2025-02-13 09:30:00+00', '2025-02-13 09:30:00+00'),
  ('d0000001-0000-4000-8000-000000000005', 'a0000001-0000-4000-8000-000000000005', 'b0000001-0000-4000-8000-000000000005', 'Refund status', 'Order was cancelled; refund pending.', 'in_progress', 'high', '2025-02-14 08:00:00+00', '2025-02-14 12:00:00+00'),
  ('d0000001-0000-4000-8000-000000000006', 'a0000001-0000-4000-8000-000000000006', 'b0000001-0000-4000-8000-000000000006', 'Damaged packaging', 'Box crushed; product OK.', 'resolved', 'normal', '2025-02-15 18:45:00+00', '2025-02-16 10:00:00+00'),
  ('d0000001-0000-4000-8000-000000000007', 'a0000001-0000-4000-8000-000000000007', 'b0000001-0000-4000-8000-000000000007', 'Payment failed retry', 'UPI timeout on checkout.', 'open', 'urgent', '2025-02-16 12:10:00+00', '2025-02-16 12:10:00+00'),
  ('d0000001-0000-4000-8000-000000000008', 'a0000001-0000-4000-8000-000000000008', 'b0000001-0000-4000-8000-000000000008', 'Return label email missing', 'Did not receive PDF.', 'closed', 'normal', '2025-02-17 07:00:00+00', '2025-02-18 14:00:00+00'),
  ('d0000001-0000-4000-8000-000000000009', 'a0000001-0000-4000-8000-000000000009', 'b0000001-0000-4000-8000-000000000009', 'Subscription billing question', 'Clarify next charge date.', 'open', 'low', '2025-02-18 16:25:00+00', '2025-02-18 16:25:00+00'),
  ('d0000001-0000-4000-8000-00000000000a', 'a0000001-0000-4000-8000-00000000000a', 'b0000001-0000-4000-8000-00000000000a', 'Account login issue', 'Reset link expired immediately.', 'in_progress', 'high', '2025-02-19 13:40:00+00', '2025-02-19 14:00:00+00'),
  ('d0000001-0000-4000-8000-00000000000b', 'a0000001-0000-4000-8000-00000000000b', 'b0000001-0000-4000-8000-00000000000b', 'Customs fee dispute', 'Unexpected COD at delivery.', 'open', 'urgent', '2025-02-20 20:05:00+00', '2025-02-20 20:05:00+00'),
  ('d0000001-0000-4000-8000-00000000000c', 'a0000001-0000-4000-8000-00000000000c', NULL, 'General product question', 'Compatibility with model X.', 'open', 'normal', '2025-02-21 09:15:00+00', '2025-02-21 09:15:00+00');
